,wiki_id,freebase_id,movie_name,release_date,box_office_revenue,runtime,has_summary,thriller,romance_film
0,9363483,/m/0285_cd,White Of The Eye,1987-01-01,,110.0,1,1,0
1,4951456,/m/0cws46,Kinjite: Forbidden Subjects,1989-01-01,3416846.0,97.0,1,1,0
2,2154704,/m/06qv1c,Choke Canyon,1986-05-02,,94.0,1,1,0
3,13919299,/m/03cn6hr,The Devilâ€™s Gift,1984-01-01,,90.0,1,1,0
4,7235116,/m/0kv17w,Someone to Watch Over Me,1987-10-09,10278549.0,106.0,1,1,0
5,12061267,/m/02vnj6h,Grizzly II: The Predator,1987-01-01,,97.0,1,1,0
6,15337014,/m/03m5fv7,The Whistle Blower,1987-01-01,,100.0,1,1,0
7,817057,/m/03dwzc,Outland,1981-05-22,,109.0,1,1,0
8,24292756,/m/07s83qp,Eyes of a Stranger,1981-02-11,,84.0,1,1,0
9,5682615,/m/0dzydf,Malibu Express,1985-01-01,,105.0,1,1,0
10,12188026,/m/02vtsph,Nicole,1988-01-01,,91.0,1,1,0
11,250012,/m/01l310,Pale Rider,1985-05-01,,115.0,1,1,0
12,12183290,/m/02vtdyp,Strange Behavior,1981-01-01,,94.0,1,1,0
13,129295,/m/0yx7h,Fatal Attraction,1987-09-11,320145693.0,119.0,1,1,0
14,1924191,/m/066gyt,Rampage,1988-01-01,,97.0,1,1,0
15,1481638,/m/054xvf,Saturn 3,1980-02-15,9000000.0,95.0,1,1,0
16,1702604,/m/05pn3c,The Mirror Crack'd,1980-12-19,,105.0,1,1,0
17,3549346,/m/09kxk0,The Incubus,1982-02-24,,93.0,1,1,0
18,445066,/m/0299hs,RoboCop,1987-07-17,53424681.0,103.0,1,1,0
19,13572405,/m/03c9ryb,Ten Little Indians,1989-01-01,,98.0,1,1,0
20,3727473,/m/09xld5,Man on Fire,1987-09-04,519596.0,92.0,1,1,0
21,13508300,/m/03c7n1y,Home Sweet Home,1981-01-01,,85.0,1,1,0
22,21472296,/m/05f8m_h,The Set-Up,1988-01-01,,93.0,1,1,0
23,6446044,/m/0g5pv3,For Your Eyes Only,1981-06-24,195300000.0,127.0,1,1,0
24,4515733,/m/0c6m5_,Extreme Prejudice,1987-04-24,11307844.0,104.0,1,1,0
25,2795282,/m/0834qx,Runaway,1984-12-14,6770587.0,100.0,1,1,0
26,2448736,/m/07dvtc,Lone Wolf McQuade,1983-04-15,12232628.0,105.0,1,1,0
27,4956346,/m/0cw_g3,L.A. Takedown,1989-01-01,,92.0,1,1,0
28,2370658,/m/077488,Southern Comfort,1981-09-25,,99.0,1,1,0
29,2485103,/m/07h5_c,Vice Squad,1982-01-22,5568880.0,97.0,1,1,0
30,23634493,/m/06zpqsv,Gotham,1988-08-21,,98.0,1,1,0
31,541642,/m/02n72k,Octopussy,1983-06-06,187500000.0,131.0,1,1,0
32,1312930,/m/04s2t2,Wrong Is Right,1982-04-16,,117.0,1,1,0
33,11883104,/m/02rwpv8,Night Game,1989-09-15,,95.0,1,1,0
34,9299602,/m/0283lsm,Lune de miel,1985-11-20,,98.0,1,1,0
35,2563340,/m/07n8dt,Death Hunt,1981-05-22,,97.0,1,1,0
36,2522220,/m/0c01vd9,The Hidden,1987-10-20,9747988.0,98.0,1,1,0
37,1803595,/m/05y808,The Changeling,1980-03-28,,107.0,1,1,0
38,2887314,/m/0897y1,Ghost Story,1981-12-15,23371905.0,111.0,1,1,0
39,4541049,/m/0c7xzl,The Dead Next Door,1988-01-01,,84.0,1,1,0
40,2541839,/m/07lz72,Sea of Love,1989-09-15,110879513.0,113.0,1,1,0
41,2129381,/m/06p361,Suspect,1987-10-23,49782400.0,121.0,1,1,0
42,262465,/m/01mypy,Mad Max 2: The Road Warrior,1981-12-24,,87.0,1,1,0
43,6785614,/m/0gnsw5,Apartment Zero,1989-01-01,,124.0,1,1,0
44,350584,/m/01z6qv,The Vanishing,1988-01-01,,106.0,1,1,0
45,529276,/m/02l_j_,Jaws: The Revenge,1987-07-17,51881013.0,91.0,1,1,0
46,5578994,/m/0dtj7w,The Package,1989-08-25,10647219.0,108.0,1,1,0
47,12741677,/m/02x2wk2,Pin...,1988-01-01,,102.0,1,1,0
48,9782726,/m/02ps1cl,The Octagon,1980-08-14,18971000.0,103.0,1,1,0
49,5813191,/m/0f6mw2,The January Man,1989-01-13,4611062.0,97.0,1,1,0
50,4681364,/m/0ch0qx,Street Smart,1987-03-20,1119112.0,97.0,1,1,0
51,1099277,/m/045y7f,Enigma,1983-01-01,,101.0,1,1,0
52,15200406,/m/03hlmz8,The Caller,1987-01-01,,97.0,1,1,0
53,106357,/m/0qmhk,Missing,1982-02-12,,122.0,1,1,0
54,12251711,/m/02vxnrn,The Killing of Angel Street,1981-01-01,,96.0,1,1,0
55,8964687,/m/027rgs7,Dangerously Close,1986-01-01,2400000.0,95.0,1,1,0
56,9823573,/m/02pt8cw,Death Wish 4: The Crackdown,1987-11-06,6880310.0,99.0,1,1,0
57,7853339,/m/026gb4w,Defence of the Realm,1986-09-06,,96.0,1,1,0
58,1123132,/m/04857z,Fright Night,1985-08-02,24922237.0,106.0,1,1,0
59,6575053,/m/0gc744,Deepstar Six,1989-01-01,8143225.0,99.0,1,1,0
60,14616734,/m/03gqqq6,The Pit,1981-10-23,,,1,1,0
61,14127869,/m/03cvfs5,Black Rainbow,1989-01-01,,103.0,1,1,0
62,4981484,/m/0cy9xt,The Star Chamber,1983-08-05,5555305.0,109.0,1,1,0
63,574909,/m/02rlnb,Alien Nation,1988-10-07,32155047.0,90.0,1,1,0
64,5788437,/m/0f4m2z,The Name of the Rose,1986-09-24,77153487.0,130.0,1,1,0
65,3947,/m/0191n,Blue Velvet,1986-08-01,8551228.0,120.0,1,1,0
66,168583,/m/016kv6,Salvador,1986-02-28,,123.0,1,1,0
67,996094,/m/02vk6_3,Bullies,1986-01-01,2995527.0,96.0,1,1,0
68,24381383,/m/07s6wbd,Next of Kin,1982-01-01,,89.0,1,1,0
69,28978049,/m/0dgs2z6,The Concrete Jungle,1982-01-01,,99.0,1,1,0
70,8743877,/m/027h4mf,Cohen and Tate,1989-01-01,64227.0,86.0,1,1,0
71,235418,/m/01j65x,Lethal Weapon,1987-03-06,120207127.0,117.0,1,1,0
72,1443093,/m/051_sx,John Carpenter's The Fog,1980-02-08,21378000.0,91.0,1,1,0
73,845738,/m/03gk0n,Frantic,1988-02-26,17637950.0,120.0,1,1,0
74,17767428,/m/047c3q9,Warning Sign,1985-08-23,,99.0,1,1,0
75,697868,/m/033pck,Dead Calm,1989-04-07,,96.0,1,1,0
76,957942,/m/03tb__,Tequila Sunrise,1988-12-02,105932000.0,116.0,1,1,0
77,6081002,/m/0fp46l,St Helens,1981-01-01,,92.0,1,1,0
78,456587,/m/02bqvb,Videodrome,1983-02-04,2120439.0,87.0,1,1,0
79,15796197,/m/03nvm6f,Revenge of the Stepford Wives,1980-10-12,,96.0,1,1,0
80,276070,/m/01pbtz,Blood Simple,1984-09-07,4218701.0,96.0,1,1,0
81,12181074,/m/02vt86f,Slam Dance,1987-05-13,406881.0,99.0,1,1,0
82,71415,/m/0jdgr,Dune,1984-12-14,30925690.0,140.0,1,1,0
83,1398260,/m/04zf44,Roadkill,1989-01-01,,80.0,1,1,0
84,27306875,/m/04j1blj,The Escape Artist,1982-05-28,143369.0,93.0,1,1,0
85,13393790,/m/03c3w7m,The Unseen,1982-01-01,,80.0,1,1,0
86,1056696,/m/0426fc,Cat People,1982-04-02,21000000.0,119.0,1,1,0
87,312757,/m/01tdmp,Tron,1982-07-09,74000000.0,91.0,1,1,0
88,534408,/m/02mjrk,Kill and Kill Again,1981-05-01,,100.0,1,1,0
89,673694,/m/031tc2,Young Guns,1988-08-10,45661556.0,103.0,1,1,0
90,3365741,/m/097wm8,A Better Tomorrow 2,1987-01-01,,105.0,1,1,0
91,12230524,/m/02vws30,Cold Steel,1987-01-01,,91.0,1,1,0
92,2680994,/m/07xkmm,"Silent Night, Deadly Night Part 2",1987-04-10,154323.0,88.0,1,1,0
93,2255173,/m/06zlz0,Ms. 45,1981-01-01,,80.0,1,1,0
94,600235,/m/02v5r5,Manhunter,1986-08-15,8620929.0,124.0,1,1,0
95,1059701,/m/042g97,Superman III,1983-06-16,,125.0,1,1,0
96,12333653,/m/02v_n0y,An Eye for an Eye,1981-01-01,7496681.0,106.0,1,1,0
97,1232088,/m/04kld8,Project X,1987-04-17,21589395.0,108.0,1,1,0
98,18935792,/m/04jb_n0,Relentless,1989-08-30,6985999.0,93.0,1,1,0
99,12636214,/m/02wz1ch,Eyewitness,1981-02-13,,102.0,1,1,0
100,346196,/m/01yr53,The Element of Crime,1984-05-14,,104.0,1,1,0
101,3477126,/m/09fl7z,Leviathan,1989-03-17,15704614.0,98.0,1,1,0
102,16928777,/m/0466pq8,Agnes of God,1985-08-21,25627836.0,98.0,1,1,0
103,4380331,/m/0b_515,Shoot to Kill,1988-02-12,29300090.0,110.0,1,1,0
104,4498688,/m/0c5nf0,The Aftermath,1982-01-01,,95.0,1,1,0
105,885876,/m/03lrx2,Streets of Fire,1984-06-01,,93.0,1,1,0
106,13902330,/m/03cmr5m,The Ambassador,1984-01-01,,97.0,1,1,0
107,1290721,/m/04qgzk,Dreamscape,1984-08-15,12145169.0,99.0,1,1,0
108,4639948,/m/0cd_cp,The House on Sorority Row,1983-01-01,10604986.0,92.0,1,1,0
109,828218,/m/03ffcz,The Singing Detective,1986-01-01,,,1,1,0
110,2275930,/m/04csl0k,TerrorVision,1986-02-14,,83.0,1,1,0
111,30327,/m/07ghq,The Terminator,1984-10-26,78371200.0,107.0,1,1,0
112,168554,/m/016kn6,Runaway Train,1985-11-15,8000000.0,112.0,1,1,0
113,7668793,/m/0kvds4,The Running Man,1987-11-13,38122105.0,101.0,1,1,0
114,5457037,/m/0dmr6t,Betrayed,1988-08-26,25816139.0,127.0,1,1,0
115,3293089,/m/093tgd,Bulletproof,1988-01-01,807947.0,93.0,1,1,0
116,30984089,/m/0cnqxph,Nowhere to Hide,1987-07-17,,90.0,1,1,0
117,3394318,/m/0998jd,Death Before Dishonor,1987-01-01,4546244.0,95.0,1,1,0
118,5542682,/m/0drqjb,Possession,1981-05-27,1113538.0,123.0,1,1,0
119,5018573,/m/0c_194,Pet Sematary,1989-04-21,57469179.0,100.0,1,1,0
120,4082935,/m/0bh4mr,Jack's Back,1988-05-06,492519.0,97.0,1,1,0
121,8235561,/m/026x6wh,Taffin,1988-02-26,,96.0,1,1,0
122,6066495,/m/0fnc1j,Black Eagle,1988-05-19,,93.0,1,1,0
123,28271211,/m/0cp1d65,Last Plane Out,1983-09-23,115475.0,92.0,1,1,0
124,1466210,/m/053rvr,The Fiendish Plot of Dr. Fu Manchu,1980-08-08,10697276.0,101.0,1,1,0
125,770128,/m/03b1jx,Music Box,1989-12-22,6263883.0,123.0,1,1,0
126,12525687,/m/02wbfzj,Dead End Drive-In,1986-01-01,68000.0,92.0,1,1,0
127,3978441,/m/0b9rdk,Flash Gordon,1980-09-01,27107960.0,111.0,1,1,0
128,26396356,/m/04j11pt,The Killing Time,1987-10-23,500283.0,92.0,1,1,0
129,23823721,/m/06_wl_9,Strange Voices,1987-10-19,,100.0,1,1,0
130,1330774,/m/04tb0h,Thief,1981-03-27,11492915.0,122.0,1,1,0
131,10727249,/m/02qnf4d,Wild Thing,1987-04-17,,92.0,1,1,0
132,6967547,/m/0gz6b0,Tarzan in Manhattan,1989-01-01,,89.0,1,1,0
133,1160412,/m/04cbbz,Rambo III,1988-01-01,189015611.0,102.0,1,1,0
134,1508868,/m/056tnb,The Serpent and the Rainbow,1988-02-05,19595031.0,98.0,1,1,0
135,1428872,/m/050t18,The Long Good Friday,1980-11-01,,105.0,1,1,0
136,872441,/m/03kfz0,First Blood,1982-10-22,125212904.0,93.0,1,1,0
137,73451,/m/0jqqg,El Norte,1983-10-11,,141.0,1,1,0
138,9865713,/m/02pv8qc,The First Deadly Sin,1980-10-03,,112.0,1,1,0
139,24367337,/m/07sbb2c,Bedroom Eyes,1984-11-30,,90.0,1,1,0
140,354061,/m/01zn6d,Red Heat,1988-06-17,34994648.0,103.0,1,1,0
141,4011202,/m/0bccsx,Tenebrae,1982-01-01,,110.0,1,1,0
142,3761238,/m/09zkzj,The Bedroom Window,1987-01-16,12640385.0,109.0,1,1,0
143,24542123,/m/080cy_y,Banzai Runner,1987-01-01,,88.0,1,1,0
144,2139989,/m/06pqwk,The Junkman,1982-10-28,,98.0,1,1,0
145,3529964,/m/09jqv1,Black Rain,1989-09-22,134212055.0,125.0,1,1,0
146,3607032,/m/09pkvb,Hammett,1982-09-17,,98.0,1,1,0
147,25812350,/m/09v6qh6,An Officer and a Car Salesman,1988-12-26,,,1,1,0
148,97646,/m/0p3_y,Die Hard,1988-07-15,140767956.0,132.0,1,1,0
149,34130,/m/08720,WarGames,1983-06-03,79567667.0,114.0,1,1,0
150,4944673,/m/0cwfgz,Lock Up,1989-08-04,22099847.0,100.0,1,1,0
151,1195560,/m/04gcyg,2010: The Year We Make Contact,1984-12-07,40400657.0,116.0,1,1,0
152,11028867,/m/02qylkx,The Mutilator,1985-01-01,,86.0,1,1,0
153,22439052,/m/05zrzs1,Shadow Dancing,1988-12-02,,100.0,1,1,0
154,28362983,/m/04j36kx,Vigilante,1983-01-01,5091888.0,90.0,1,1,0
155,24789475,/m/0djbbmj,Steele Justice,1987-01-01,1327740.0,95.0,1,1,0
156,2276238,/m/0705k1,Nightmares,1983-09-09,6670680.0,99.0,1,1,0
157,4601985,/m/0cc0qc,When Time Ran Out,1980-03-28,,109.0,1,1,0
158,3544709,/m/09kml0,Firstborn,1984-10-26,6200000.0,103.0,1,1,0
159,11011055,/m/02qy0f5,Flowers in the Attic,1987-11-20,15151736.0,93.0,1,1,0
160,34627142,/m/0j28dc0,Light Blast,1985-08-13,,86.0,1,1,0
161,6003924,/m/0fk55z,Black Moon Rising,1986-01-01,6500000.0,96.0,1,1,0
162,9461535,/m/0289s_h,The Hit,1984-06-01,876775.0,98.0,1,1,0
163,10333936,/m/02q8sp1,'Gator Bait II: Cajun Justice,1988-01-01,,95.0,1,1,0
164,14570681,/m/03d87bn,Far From Home,1989-01-01,11859.0,86.0,1,1,0
165,7505990,/m/0kv9bz,Nomads,1986-01-01,2278264.0,91.0,1,1,0
166,576198,/m/02rqd_,Adventures in Babysitting,1987-06-19,34368475.0,99.0,1,1,0
167,3229348,/m/08_wst,Deliria,1987-02-08,,90.0,1,1,0
168,26177719,/m/0b753df,Ordeal by Innocence,1985-05-17,,90.0,1,1,0
169,613037,/m/02wk_5,After Hours,1985-09-13,,97.0,1,1,0
170,12517482,/m/02wb0s0,Breeders,1986-01-01,,77.0,1,1,0
171,11612605,/m/02rlkm5,Still of the Night,1982-11-19,5979947.0,93.0,1,1,0
172,3461278,/m/09dq8d,City Heat,1984-12-07,38300000.0,97.0,1,1,0
173,24160684,/m/07k9wjn,Tag: The Assassination Game,1982-04-20,,90.0,1,1,0
174,3009486,/m/08k9gf,Tank,1984-01-01,11302884.0,113.0,1,1,0
175,13297418,/m/03c0_jb,Hider in the House,1989-01-01,,104.0,1,1,0
176,4083099,/m/0bh4wr,Alone in the Dark,1982-11-12,,92.0,1,1,0
177,18514527,/m/04f52h3,Bloody Wednesday,1985-01-01,,96.0,1,1,0
178,24517581,/m/080lm_j,The Naked Face,1984-06-13,,103.0,1,1,0
179,11506772,/m/02rg6cx,"Murder Me, Murder You",1983-04-09,,96.0,1,1,0
180,4969123,/m/0cxpmy,The Mean Season,1985-02-15,4300000.0,109.0,1,1,0
181,5526366,/m/0dqytn,The Witches of Eastwick,1987-06-12,63766510.0,118.0,1,1,0
182,15738569,/m/03nrszk,A Breed Apart,1984-06-01,,95.0,1,1,0
183,2439288,/m/07d359,Farewell to the King,1989-03-03,2420917.0,114.0,1,1,0
184,1317987,/m/04sgl8,Blow Out,1981-07-24,12000000.0,107.0,1,1,0
185,12746552,/m/02x31hy,Avenging Angel,1985-01-01,,93.0,1,1,0
186,2168783,/m/06rzwx,The Delta Force,1986-02-14,17760000.0,128.0,1,1,0
187,2314982,/m/0735vr,Looker,1981-10-30,,93.0,1,1,0
188,12431569,/m/02w5h60,Backfire,1987-01-01,,90.0,1,1,0
189,8060080,/m/026q20r,Malone,1987-01-01,3060858.0,92.0,1,1,0
190,33518689,/m/0b_wdyl,Deadly Messages,1985-02-21,,100.0,1,1,0
191,2056500,/m/06j0g0,Running Scared,1986-06-27,38500726.0,107.0,1,1,0
192,13378321,/m/03c3dfk,Reform School Girls,1986-08-22,,94.0,1,1,0
193,24354731,/m/07s5y9_,Freeway,1988-09-02,142671.0,91.0,1,1,0
194,35826458,/m/04j033s,Penitentiary 2,1982-04-02,3178542.0,108.0,1,1,0
195,10821674,/m/02qr3k8,Terror in the Aisles,1984-10-26,10004817.0,84.0,1,1,0
196,583012,/m/02scbv,Rambo: First Blood Part II,1985-05-22,,96.0,1,1,0
197,4327278,/m/0bxb3h,Dead of Winter,1987-01-01,2413427.0,100.0,1,1,0
198,6100131,/m/0fq37s,Crackers,1984-02-17,,91.0,1,1,0
199,905188,/m/03nlr5,The Hitcher,1986-02-21,7900000.0,98.0,1,1,0
200,1553297,/m/059w3q,Invasion U.S.A.,1985-01-01,17500000.0,107.0,1,1,0
201,22142761,/m/05p5512,Physical Evidence,1989-01-27,3560932.0,99.0,1,1,0
202,4386957,/m/0b_h_r,Revenge of the Ninja,1983-09-07,13168027.0,90.0,1,1,0
203,2020750,/m/06fnfr,Into the Night,1985-02-15,,115.0,1,1,0
204,7090669,/m/0h3p96,Kansas,1988-09-23,,110.0,1,1,0
205,12287154,/m/02vz0mz,Calendar Girl Murders,1984-01-01,,92.0,1,1,0
206,21256010,/m/05c22fj,Hit List,1989-03-03,,87.0,1,1,0
207,24777060,/m/0bbbpdn,Number One with a Bullet,1987-01-01,,103.0,1,1,0
208,9266932,/m/028293v,Def-Con 4,1985-03-15,,88.0,1,1,0
209,15084791,/m/03hgylx,Dogs of Hell,1982-01-01,,89.0,1,1,0
210,11998913,/m/02vlfnl,Curtains,1983-01-01,,89.0,1,1,0
211,9626476,/m/02pm8zp,Next of Kin,1989-10-20,15942628.0,109.0,1,1,0
212,35420580,/m/0j9nbtz,Thunder Run,1986-05-30,,84.0,1,1,0
213,2592990,/m/07qc08,Rollover,1981-12-11,10851261.0,115.0,1,1,0
214,3044228,/m/08mszt,Masters of the Universe,1987-08-07,17336370.0,106.0,1,1,0
215,4179770,/m/0bnglv,The Mighty Quinn,1989-02-16,4557214.0,94.0,1,1,0
216,2478900,/m/07gvrj,House of Games,1987-10-11,2585639.0,102.0,1,1,0
217,2484540,/m/07h4yp,Fletch,1985-05-31,,98.0,1,1,0
218,23081315,/m/064q884,Smart Money,1986-10-26,,,1,1,0
219,6469852,/m/0g6jkx,Cheerleader Camp,1987-01-01,,88.0,1,1,0
220,7128210,/m/0h5mnt,Fatal Beauty,1987-10-30,12046526.0,104.0,1,1,0
221,19042649,/m/04jkspz,The Little Drummer Girl,1983-10-19,7828841.0,132.0,1,1,0
222,67371,/m/0hqdd,Clue,1985-12-13,14643997.0,97.0,1,1,0
223,1324852,/m/04swkp,Cloak & Dagger,1984-08-10,9719000.0,101.0,1,1,0
224,826482,/m/03f7xg,Dead Ringers,1988-09-23,8038508.0,116.0,1,1,0
225,5979095,/m/0fhvby,Tattoo,1981-10-09,,91.0,1,1,0
226,6714601,/m/0gjx74,Deadly Intentions,1985-01-01,,200.0,1,1,0
227,985304,/m/03wrqt,Deadly Blessing,1981-08-14,8279042.0,103.0,1,1,0
228,1830472,/m/05_cv6,White Water Summer,1987-06-12,,90.0,1,1,0
229,45568,/m/0ccsq,The Abyss,1989-08-09,90000098.0,145.0,1,1,0
230,8597587,/m/0279d25,The Drifter,1988-06-03,,89.0,1,1,0
231,6255681,/m/0fz4d0,Anna to the Infinite Power,1983-01-01,,102.0,1,1,0
232,2397550,/m/0797d9,Windows,1980-01-18,,96.0,1,1,0
233,4038581,/m/0bdxf1,No Mercy,1986-12-19,12303904.0,108.0,1,1,0
234,11564856,/m/02rjb3_,Jake Speed,1986-01-01,1943751.0,104.0,1,1,0
235,3215125,/m/08zvx7,Hobgoblins,1988-07-14,,92.0,1,1,0
236,14695721,/m/03gtcz4,Deadly Intruder,1985-01-01,,86.0,1,1,0
237,20973286,/m/05b1zhc,Eddie Macon's Run,1983-03-23,,95.0,1,1,0
238,19944417,/m/04y6d_t,The Soldier,1982-06-01,,96.0,1,1,0
239,9316781,/m/02849r2,The Jigsaw Man,1983-01-01,,87.0,1,1,0
240,21646685,/m/05mwfj4,Twisted,1986-01-01,,87.0,1,1,0
241,694482,/m/033dk0,Firefox,1982-06-18,70687344.0,136.0,1,1,0
242,5801352,/m/0f5kjm,Exterminator 2,1984-09-14,3739406.0,89.0,1,1,0
243,3783131,/m/09_rv9,A Better Tomorrow 3,1989-01-01,,145.0,1,1,0
244,6790169,/m/0gp1s4,The Boys Next Door,1985-10-01,,90.0,1,1,0
245,2097287,/m/06lyg6,Psycho II,1983-06-03,34725000.0,113.0,1,1,0
246,4108752,/m/0bjkz7,A Stranger Is Watching,1982-01-22,,92.0,1,1,0
247,1059728,/m/042gcq,Deathtrap,1982-03-19,,115.0,1,1,0
248,12432189,/m/02w5j4m,Assassination,1987-01-01,6075793.0,88.0,1,1,0
249,3082021,/m/08q47_,The Presidio,1988-06-10,20036242.0,97.0,1,1,0
250,242548,/m/01k60v,Silkwood,1983-12-14,,131.0,1,1,0
251,24739881,/m/080fk0k,Ruckus,1981-03-01,,93.0,1,1,0
252,7352183,/m/0kv5mr,Cal,1984-08-24,,102.0,1,1,0
253,7051491,/m/0h21v2,Poltergeist,1982-06-04,121706019.0,114.0,1,1,0
254,2886766,/m/0896ql,Kickboxer,1989-04-20,,105.0,1,1,0
255,4186631,/m/0bnx0h,The Man with One Red Shoe,1985-07-19,8645411.0,84.0,1,1,0
256,6006929,/m/0fk9kz,Cop,1988-02-05,,111.0,1,1,0
257,164395,/m/015wq4,The Stunt Man,1980-06-27,7068886.0,129.0,1,1,0
258,449547,/m/029v40,Licence to Kill,1989-06-13,156200000.0,133.0,1,1,0
259,2419947,/m/07bt5m,Sword of Gideon,1986-11-29,,148.0,1,1,0
260,23805173,/m/06_v8dw,I Saw What You Did,1988-01-01,,93.0,1,1,0
261,766348,/m/039pz_,Dead Bang,1989-03-24,8125592.0,103.0,1,1,0
262,9591329,/m/02pl3jt,Dead & Buried,1981-05-29,,94.0,1,1,0
263,2709646,/m/07zdl2,Android,1982-10-01,,80.0,1,1,0
264,12234659,/m/02vwycw,Zombie Island Massacre,1984-11-01,,84.0,1,1,0
265,5895363,/m/0fcbqs,Little Nikita,1988-01-01,,97.0,1,1,0
266,2069002,/m/06jy_j,Action Jackson,1988-02-12,20256975.0,95.0,1,1,0
267,5082550,/m/0d1xp3,Bellman and True,1987-01-01,,112.0,1,1,0
268,153372,/m/01404w,Iron Eagle,1986-01-17,24159872.0,117.0,1,1,0
269,901489,/m/03n7gj,Road House,1989-05-19,30050028.0,114.0,1,1,0
270,27612051,/m/0c3thcj,Perfect Strangers,1984-11-01,,92.0,1,1,0
271,28216994,/m/0cp1dy6,Hotline,1982-10-16,,96.0,1,1,0
272,2075256,/m/06kg0c,Cruising,1980-02-08,,102.0,1,1,0
273,9001422,/m/027szjh,Shakedown,1988-01-01,10068039.0,97.0,1,1,0
274,3746,/m/017n9,Blade Runner,1982-06-25,33139618.0,116.0,1,1,0
275,11788249,/m/02rscbs,Deadbeat at Dawn,1988-01-01,,80.0,1,1,0
276,6089198,/m/0fplzy,Thou Shalt Not Kill... Except,1985-01-01,,84.0,1,1,0
277,490101,/m/02gqm3,Never Say Never Again,1983-01-01,160000000.0,133.0,1,1,0
278,2210017,/m/06w44l,Something Wicked This Way Comes,1983-01-01,8400000.0,94.0,1,1,0
279,2140002,/m/06pqx7,Amityville II: The Possession,1982-09-24,11328000.0,104.0,1,1,0
280,1924012,/m/066gbn,Who Dares Wins,1982-01-01,,125.0,1,1,0
281,3799386,/m/0b0mf1,Off Limits,1988-03-11,,102.0,1,1,0
282,826441,/m/02p32wl,Death Wish II,1982-02-20,16100000.0,89.0,1,1,0
283,1367502,/m/04x4pl,A Dry White Season,1989-09-22,,107.0,1,1,0
284,4187903,/m/0bnz5h,The Watcher in the Woods,1980-04-17,,83.0,1,1,0
285,27396469,/m/0b__gkb,Race for the Yankee Zephyr,1981-12-18,,97.0,1,1,0
286,2918585,/m/08cjy8,Uncommon Valor,1983-12-16,,105.0,1,1,0
287,6575394,/m/0gc7vx,Lords of the Deep,1989-04-21,,95.0,1,1,0
288,14979283,/m/03h3kjc,10 to Midnight,1983-01-01,7175592.0,103.0,1,1,0
289,9013078,/m/027tdqb,A Time of Destiny,1988-04-22,,118.0,1,1,0
290,27098,/m/06r2_,Star Trek II: The Wrath of Khan,1982-06-04,97000000.0,112.0,1,1,0
291,14521896,/m/03d67k3,The Awakening,1980-10-01,8415112.0,105.0,1,1,0
292,3123751,/m/08sz31,Tightrope,1984-08-17,48143579.0,115.0,1,1,0
293,3191060,/m/08y5wd,Q,1982-01-01,,93.0,1,1,0
294,4086317,/m/0bh9yc,Razorback,1984-11-02,,107.0,1,1,0
295,8481,/m/02c6d,Dressed to Kill,1980-06-23,31899000.0,105.0,1,1,0
296,963052,/m/03tt1c,To Live and Die in L.A.,1985-11-01,17300000.0,116.0,1,1,0
297,1122030,/m/047ytl,Midnight Run,1988-07-11,81600000.0,126.0,1,1,0
298,172534,/m/01771z,Cobra,1986-05-23,160000000.0,87.0,1,1,0
299,4052442,/m/0bfplj,Sunset,1988-04-29,4594452.0,102.0,1,1,0
300,34406218,/m/0dz1fd,The Fruit Machine,1988-01-01,,103.0,1,1,0
301,213472,/m/01f8hf,Aliens,1986-07-18,131060248.0,137.0,1,1,0
302,407628,/m/024mxd,Superman IV: The Quest For Peace,1987-07-24,15681020.0,90.0,1,1,0
303,67411,/m/0hqnw,Above the Law,1988-04-08,18869631.0,99.0,1,1,0
304,11962404,/m/02rztkc,The Tomb,1986-01-01,,84.0,1,1,0
305,15871827,/m/03nxpg9,Blue City,1986-05-02,6947787.0,83.0,1,1,0
306,12466332,/m/02w7c9c,A Prayer for the Dying,1987-01-01,,108.0,1,1,0
307,673682,/m/031t9l,Angel Heart,1987-03-06,17185632.0,113.0,1,1,0
308,16305665,/m/03wghzn,Anastasia: The Mystery of Anna,1986-12-07,,200.0,1,1,0
309,10459622,/m/02qdt7z,The Squeeze,1987-01-01,2228951.0,101.0,1,1,0
310,6942006,/m/0gy3fy,Iron Eagle II,1988-11-11,,105.0,1,1,0
311,25248084,/m/09gklmd,The New Kids,1985-01-18,,89.0,1,1,0
312,4188875,/m/0bn_jg,Warrior of the Lost World,1985-09-01,,92.0,1,1,0
313,4726,/m/01hp5,Batman,1989-06-19,411348924.0,126.0,1,1,0
314,12199287,/m/02vvktb,Target,1985-01-01,9023199.0,117.0,1,1,0
315,7329566,/m/0kv56z,Black Widow,1987-01-01,25205460.0,97.0,1,1,0
316,1871096,/m/062mgn,Bad Boys,1983-03-25,9190819.0,123.0,1,1,0
317,1179278,/m/04dx7g,The Dead Pool,1988-07-13,37903295.0,91.0,1,1,0
318,2436406,/m/07cwzh,48 Hrs.,1982-12-08,78868508.0,96.0,1,1,0
319,2399371,/m/079cpg,Kill Me Again,1989-10-27,,95.0,1,1,0
320,342556,/m/01y8zw,They Live,1988-11-04,13008928.0,94.0,1,1,0
321,2103169,/m/06m9yj,Red Scorpion,1989-04-19,4192440.0,102.0,1,1,0
322,10575183,/m/02qj6qg,Blood Diner,1987-07-01,,88.0,1,1,0
323,19944273,/m/04yd_mn,Love and Money,1982-02-12,,90.0,1,1,0
324,1963352,/m/069b3l,The New York Ripper,1982-03-04,,93.0,1,1,0
325,8120493,/m/026sb66,Blind Date,1984-06-01,,95.0,1,1,0
326,21471797,/m/05f40b9,Shadows in the Storm,1988-01-01,,90.0,1,1,0
327,28459920,/m/0crhzc_,Apology,1986-07-27,,97.0,1,1,0
328,27344847,/m/0bh6chg,Kojak: The Price of Justice,1987-02-21,,95.0,1,1,0
329,9857629,/m/02pv0sw,Angel,1984-01-11,17488564.0,94.0,1,1,0
330,665867,/m/05f7sr4,Police Story,1985-01-01,,99.0,1,1,0
331,5652838,/m/0dycv7,Fletch Lives,1989-01-01,39450960.0,95.0,1,1,0
332,6878966,/m/0gtytw,"Sister, Sister",1987-01-01,743445.0,89.0,1,1,0
333,21544454,/m/05h34bv,Ghostkeeper,1982-01-01,,89.0,1,1,0
334,13362084,/m/03c2xfv,Silent Scream,1980-01-30,,87.0,1,1,0
335,680398,/m/032cs4,Beverly Hills Cop,1984-12-01,316360478.0,106.0,1,1,0
336,5806720,/m/0f60mz,The Quiet Earth,1985-01-01,,91.0,1,1,0
337,11407333,/m/02rbgxd,Combat Shock,1986-01-01,,85.0,1,1,0
338,576208,/m/02rqg5,Hiding Out,1987-11-06,7020000.0,95.0,1,1,0
339,12494928,/m/02w8zsl,Stripped to Kill,1987-01-01,,88.0,1,1,0
340,6515729,/m/0g8bg7,Rehearsal for Murder,1982-05-26,,89.0,1,1,0
341,600216,/m/02v5nx,The 'Burbs,1989-02-17,49101993.0,97.0,1,1,0
342,972940,/m/03vnvn,Millennium,1989-08-25,,108.0,1,1,0
343,695227,/m/033g1f,Lethal Weapon 2,1989-07-07,227853986.0,113.0,1,1,0
344,9835,/m/02p5d,Escape from New York,1981-05-23,50000000.0,99.0,1,1,0
345,14220618,/m/03cy69g,Night Visitor,1989-01-01,,94.0,1,1,0
346,89541,/m/0mb8c,A Better Tomorrow,1986-01-01,,94.0,1,1,0
347,3648503,/m/02p7lzt,Death Wish 3,1985-11-01,16116878.0,92.0,1,1,0
348,12495553,/m/02w8_ch,Walk Like a Man,1987-03-01,,86.0,1,1,0
349,583932,/m/02sg5v,A View to a Kill,1985-05-22,152400000.0,131.0,1,1,0
350,24159163,/m/07kflzw,Dangerous Game,1987-01-01,,98.0,1,1,0
351,5964302,/m/0fgzq8,Flashpoint,1984-01-01,3854833.0,95.0,1,1,0
352,8994,/m/02h22,Das Boot,1981-09-17,84970337.0,210.0,1,1,0
353,12245992,/m/02vxdkq,Blood Hook,1987-01-01,,92.0,1,1,0
354,2071077,/m/06k4hg,Christine,1983-12-09,21017849.0,100.0,1,1,0
355,1304986,/m/04rg8v,Young Sherlock Holmes,1985-12-06,19739575.0,105.0,1,1,0
356,3492340,/m/09gg3z,D.O.A.,1988-03-18,12706478.0,96.0,1,1,0
357,2682902,/m/07xqf5,Missing in Action,1984-01-01,22812411.0,100.0,1,1,0
358,26723415,/m/0bmdzkk,Deadtime Stories,1986-11-28,2750741.0,81.0,1,1,0
359,1704120,/m/05ps6p,Blastfighter,1984-07-25,,87.0,1,1,0
360,2056480,/m/06j0dk,"See No Evil, Hear No Evil",1989-05-12,46908987.0,90.0,1,1,0
361,667152,/m/0316bc,Criminal Law,1989-04-28,,112.0,1,1,0
362,25175199,/m/09g9qkb,Red Heat,1985-05-28,,104.0,1,1,0
363,7321030,/m/025z2ls,Visiting Hours,1982-01-01,,105.0,1,1,0
364,4294005,/m/0bvl4h,The Believers,1987-01-01,18753438.0,110.0,1,1,0
365,5430789,/m/0dljfz,Code of Silence,1985-01-01,,101.0,1,1,0
366,4088706,/m/0bhf6p,Alienator,1989-01-01,,93.0,1,1,0
367,21886221,/m/05p1s2m,Incident at Raven's Gate,1988-01-01,,89.0,1,1,0
368,7865056,/m/026gs5m,Murphy's Law,1986-01-01,9947631.0,100.0,1,1,0
369,19671715,/m/04n4s21,Heart of Midnight,1988-11-10,113000.0,93.0,1,1,0
370,25725655,/m/09v0x21,The Dirty Dozen: The Fatal Mission,1988-02-14,,100.0,1,1,0
371,6058130,/m/0fmz5x,The Fan,1981-05-15,,94.0,1,1,0
372,35876700,/m/0h4ydk4,Nightmares,1980-10-30,168000.0,90.0,1,1,0
373,1953082,/m/068k22,The Wraith,1986-11-21,,92.0,1,1,0
374,886560,/m/03lt69,No Way Out,1987-08-14,35509515.0,114.0,1,1,0
375,4650872,/m/0cfhg_,Disorganized Crime,1989-04-14,,101.0,1,1,0
376,2372982,/m/0779kb,Best Seller,1987-09-25,4278150.0,95.0,1,1,0
377,8269287,/m/026yh2d,Forced Vengeance,1982-06-30,6660333.0,91.0,1,1,0
378,2265148,/m/06_9mw,Without a Clue,1988-10-21,8539181.0,107.0,1,1,0
379,8141252,/m/026t2z7,Sharky's Machine,1981-12-18,35856053.0,122.0,1,1,0
380,8847160,/m/027lvw8,Million Dollar Mystery,1987-06-12,989033.0,94.0,1,1,0
381,8260752,/m/026y4vj,Minder on the Orient Express,1985-12-25,,,1,1,0
382,8094606,/m/026r7dq,The Assault,1986-01-01,,144.0,1,1,0
383,1347325,/m/04vmhy,Puppet Master,1989-10-12,,75.0,1,1,0
384,2249951,/m/06z5rr,Deadly Friend,1986-10-10,8988731.0,90.0,1,1,0
385,3879903,/m/0b4s3j,The Dungeonmaster,1985-01-01,,76.0,1,1,0
386,27215811,/m/0by1cfx,American Nightmare,1983-01-01,,88.0,1,1,0
387,12096671,/m/02vpqrg,The Zero Boys,1985-01-01,,89.0,1,1,0
388,12664320,/m/02w_kyl,The Perfect Murder,1988-01-01,,93.0,1,1,0
389,6584608,/m/0gcnv9,Lady in White,1988-04-22,1705139.0,118.0,1,1,0
390,1625624,/m/05hp3p,Year of the Dragon,1985-08-16,18707466.0,134.0,1,1,0
391,5429460,/m/0dlh47,The Postman Always Rings Twice,1981-03-20,12200000.0,123.0,1,1,0
392,600807,/m/02v7tp,Mazes and Monsters,1982-01-01,,100.0,1,1,0
393,25229253,/m/09gqgdp,Deadly Lessons,1983-03-07,,100.0,1,1,0
394,35621790,/m/0gkr6wd,The Carpenter,1988-08-27,,87.0,1,1,0
395,12555863,/m/02wvr2z,Heat,1986-01-01,2793214.0,92.0,1,1,0
396,1941591,/m/067rvc,Gorky Park,1983-12-15,15856028.0,128.0,1,1,0
397,5628441,/m/0dx3zh,Snake Eater,1989-02-22,,94.0,1,1,0
398,1141596,/m/049y31,Henry: Portrait Of A Serial Killer,1986-09-24,609939.0,83.0,1,1,0
399,602501,/m/02vgy2,Who's Harry Crumb?,1989-02-03,10982000.0,89.0,1,1,0
400,10860957,/m/02qs9gt,Just Before Dawn,1981-11-25,,90.0,1,1,0
401,1698283,/m/05p8ct,Out of Bounds,1986-07-25,5099316.0,93.0,1,1,0
402,7092652,/m/0h3sdy,True Confessions,1981-01-01,,108.0,1,1,0
403,4228260,/m/0br24q,Cutter's Way,1981-01-01,1729274.0,109.0,1,1,0
404,9893064,/m/02pw3xs,Savage Streets,1984-10-05,,93.0,1,1,0
405,17239935,/m/043kn3t,Caged Fury,1989-01-01,,95.0,1,1,0
406,958387,/m/03td7c,Final Justice,1984-01-01,,90.0,1,1,0
407,2805108,/m/083t7l,Roadgames,1981-01-01,,100.0,1,1,0
408,13235461,/m/03bzrpp,Cujo,1983-08-10,21156152.0,95.0,1,1,0
409,3444797,/m/09csq1,Conan the Barbarian,1982-03-15,100000000.0,129.0,1,1,0
410,21909087,/m/05p08p5,The Cellar,1989-05-13,,85.0,1,1,0
411,829663,/m/03fgzy,Alice,1988-01-01,,84.0,1,1,0
412,4894733,/m/0cs_w9,The Fourth Protocol,1987-01-01,12423831.0,118.0,1,1,0
413,12282438,/m/02vyvxb,The Stepford Children,1987-03-15,,96.0,1,1,0
414,17188776,/m/043p6lh,The Experts,1989-01-13,169203.0,94.0,1,1,0
415,1438595,/m/051lq6,Body Double,1984-10-26,8801940.0,114.0,1,1,0
416,24932519,/m/09g6c4g,Blade on the Feather,1980-10-19,,82.0,1,1,0
417,23821597,/m/06_v8tk,Cat Chaser,1989-10-20,,98.0,1,1,0
418,2876564,/m/088hzx,The Punisher,1989-10-05,,92.0,1,1,0
419,4490437,/m/0c58tn,Shocker,1989-10-27,16554699.0,110.0,1,1,0
420,28236143,/m/0cnz01s,No Place to Hide,1981-03-04,,100.0,1,1,0
421,71975,/m/0jg8z,Hellraiser,1987-05-13,14564027.0,93.0,1,1,0
422,11534107,/m/02rh1xs,Fortress,1986-01-01,,91.0,1,1,0
423,15721714,/m/03nr6cc,Last Rites,1988-01-01,,103.0,1,1,0
424,4908814,/m/0ctpnp,Evil Under the Sun,1982-02-12,6110000.0,116.0,1,1,0
425,3509188,/m/09hd1l,Watchers,1988-01-01,,91.0,1,1,0
426,1468747,/m/02p4c1j,52 Pick-Up,1986-11-07,5186646.0,110.0,1,1,0
427,8195278,/m/026vskz,Renegades,1989-06-02,9015164.0,106.0,1,1,0
428,8493002,/m/0275fd8,Spellbinder,1988-09-23,657446.0,98.0,1,1,0
429,2089001,/m/06ldb2,Lady Beware,1987-08-14,,108.0,1,1,0
430,13022883,/m/02z3q_w,Phobia,1980-09-09,,91.0,1,1,0
431,33951961,/m/0hn9l2f,Artemis 81,1981-12-29,,185.0,1,1,0
432,2020413,/m/06fmgd,Savage Dawn,1985-01-01,,102.0,1,1,0
433,26429203,/m/0bbvjhm,Invisible Strangler,1984-01-01,,82.0,1,1,0
434,1312481,/m/04s1p0,Raw Deal,1986-06-06,18130359.0,106.0,1,1,0
435,2942414,/m/08f64_,Bad Timing,1980-09-12,,129.0,1,1,0
436,690918,/m/0333gq,The Entity,1982-09-30,,120.0,1,1,0
437,2554065,/m/07mn2j,Terror Train,1980-10-03,8000000.0,97.0,1,1,0
438,11853812,/m/02rvq1w,The Lathe of Heaven,1980-01-09,,100.0,1,1,0
439,3842730,/m/0b2v79,The Untouchables,1987-01-01,76270454.0,120.0,1,1,0
440,16182808,/m/03wc5fn,Firestarter,1984-05-11,17080167.0,115.0,1,1,0
441,2259649,/m/06zyy3,Maniac Cop,1988-05-13,671382.0,85.0,1,1,0
442,16671731,/m/03ylkjx,Hanky Panky,1982-06-04,,107.0,1,1,0
443,35542282,/m/0j9qgt6,Raiders of the Lost Ark: The Adaptation,1989-08-12,,100.0,1,1,0
444,25771135,/m/09v9mn7,The Chain Reaction,1980-09-25,,92.0,1,1,0
445,1179229,/m/04dx1c,Sudden Impact,1983-12-09,67642693.0,117.0,1,1,0
446,2097338,/m/06lyjp,Psycho III,1986-07-02,14482000.0,92.0,1,1,0
447,4180502,/m/0bnj4r,Schizoid,1980-09-01,,89.0,1,1,0
448,1464962,/m/053nbd,The Osterman Weekend,1983-01-01,6500000.0,102.0,1,1,0
449,17378447,/m/043p8k1,The Girl in a Swing,1988-12-01,747013.0,119.0,1,1,0
450,30875502,/m/088jb3,Jumpin' Jack Flash,1986-01-01,29844101.0,100.0,1,1,0
451,4147193,/m/0blms6,Extremities,1986-08-22,,89.0,1,1,0
452,4343404,/m/0by51c,Cutting Class,1989-01-01,,91.0,1,1,0
453,4343413,/m/0by51q,Pulse,1988-03-01,,86.0,1,1,0
454,1173339,/m/04ddm4,Jaws 3-D,1983-07-22,87987055.0,99.0,1,1,0
455,4227273,/m/0br0qn,Elvira: Mistress of the Dark,1988-09-30,5596267.0,96.0,1,1,0
456,5105482,/m/0d2wpc,Stormy Monday,1988-04-22,,95.0,1,1,0
457,2396574,/m/0795bw,The Formula,1980-12-19,8894289.0,117.0,1,1,0
458,267848,/m/01nln3,Scarface,1983-12-01,65884703.0,170.0,1,1,0
459,28779779,/m/0dddb7c,Grandmother's House,1989-01-01,,90.0,1,1,0
460,451062,/m/02b0l5,The Dead Zone,1983-10-21,20766616.0,103.0,1,1,0
461,21651467,/m/05mxhxy,Cyclone,1987-01-01,41174.0,89.0,1,1,0
462,1140398,/m/049thm,Blue Thunder,1983-05-13,42313354.0,108.0,1,1,0
463,14722381,/m/03gvj21,Fear City,1984-01-01,,95.0,1,1,0
464,566713,/m/02qrv7,The Living Daylights,1987-01-01,191200000.0,130.0,1,1,0
465,265143,/m/01n910,Red Dawn,1984-08-10,40000000.0,114.0,1,1,0
466,26946311,/m/0dk1cw,Children of the Corn,1984-03-09,,92.0,1,1,0
467,1103547,/m/0467wt,Brainstorm,1983-09-30,,106.0,1,1,0
468,3394852,/m/0999cx,Wanted: Dead or Alive,1987-01-01,7555000.0,104.0,1,1,0
469,21962416,/m/05p5p8t,Messenger of Death,1988-01-01,3074681.0,91.0,1,1,0
470,4152250,/m/0bly77,Band of the Hand,1986-04-11,4865912.0,110.0,1,1,0
471,1827624,/m/05_3tc,White Nights,1985-01-01,13046465.0,125.0,1,1,0
472,30809,/m/07k_8,The Thing,1982-06-25,19629760.0,108.0,1,1,0
473,12053509,/m/02vn81r,Loverboy,1989-04-28,3960327.0,98.0,1,0,1
474,736262,/m/036z4q,The Sure Thing,1985-03-01,18135531.0,95.0,1,0,1
475,168571,/m/016ks5,Mona Lisa,1986-05-01,,100.0,1,0,1
476,3028248,/m/08ll9g,Chances Are,1989-03-10,16278590.0,108.0,1,0,1
477,12180811,/m/02vt7xf,Fire with Fire,1986-05-09,4636000.0,104.0,1,0,1
478,12495446,/m/02w8_7c,The Virgin Queen of St. Francis High,1987-01-01,,89.0,1,0,1
479,12585204,/m/02wwtk_,Just Between Friends,1986-03-21,6408791.0,110.0,1,0,1
480,46505,/m/0ckt6,Airplane!,1980-07-02,83453539.0,87.0,1,0,1
481,770083,/m/03b19k,Sweet Dreams,1985-10-02,9085049.0,115.0,1,0,1
482,28312226,/m/0cnybmn,Peyton Place: The Next Generation,1985-05-13,,100.0,1,0,1
483,113454,/m/0sxlb,Prizzi's Honor,1985-06-14,26657534.0,130.0,1,0,1
484,680361,/m/032clf,Dirty Dancing,1987-05-12,213954274.0,97.0,1,0,1
485,9009812,/m/027t96n,Montenegro,1981-01-01,,96.0,1,0,1
486,24158189,/m/07k5fxj,Winter People,1989-04-14,,111.0,1,0,1
487,21412109,/m/05fbdr7,My Past is My Own,1989-01-24,,60.0,1,0,1
488,12167045,/m/02vs2hv,Fun Down There,1989-01-01,,89.0,1,0,1
489,27756613,/m/0cc8s6k,The In Crowd,1988-01-01,124880.0,95.0,1,0,1
490,979825,/m/03w8b7,Babette's Feast,1987-01-01,4398938.0,103.0,1,0,1
491,4710606,/m/0cjksp,Smooth Talk,1985-09-10,,92.0,1,0,1
492,265508,/m/01nb92,Shadowlands,1985-01-01,,92.0,1,0,1
493,1062036,/m/042p0m,Morgan Stewart's Coming Home,1987-01-01,2136381.0,96.0,1,0,1
494,26138037,/m/0b6f4md,Echo Park,1986-07-25,700000.0,89.0,1,0,1
495,31096685,/m/0gh8lg2,Just Us,1986-01-01,,110.0,1,0,1
496,2372989,/m/0779l0,In Country,1989-09-29,3532000.0,120.0,1,0,1
497,2055559,/m/06hz52,Valmont,1989-01-01,1132112.0,130.0,1,0,1
498,3447166,/m/09cxm4,Little Shop of Horrors,1986-12-19,38748395.0,93.0,1,0,1
499,168498,/m/016kc2,Starman,1984-12-14,28744356.0,115.0,1,0,1
500,6474370,/m/0g6njt,Eat a Bowl of Tea,1989-01-01,,102.0,1,0,1
501,1841530,/m/0604zn,Bachelor Party,1984-06-29,38400000.0,105.0,1,0,1
502,897481,/m/03mvlr,Just One of the Guys,1985-04-26,11528900.0,100.0,1,0,1
503,2871613,/m/0884wb,The Jewel of the Nile,1985-12-11,96773200.0,107.0,1,0,1
504,18968628,/m/04jl_f5,The Cartier Affair,1984-01-01,,88.0,1,0,1
505,576204,/m/02rqfv,Cousins,1989-02-10,22026369.0,113.0,1,0,1
506,8905485,/m/027p1_v,Tempest,1982-08-13,,142.0,1,0,1
507,3831894,/m/0b28r_,Making Love,1982-02-12,,113.0,1,0,1
508,3602324,/m/09p7fh,The French Lieutenant's Woman,1981-08-01,26890068.0,129.0,1,0,1
509,2005101,/m/06dd_k,I've Heard the Mermaids Singing,1987-09-11,,81.0,1,0,1
510,31632887,/m/0cb_zn2,A New Life,1988-01-01,,103.0,1,0,1
511,181471,/m/018t08,Lady Jane,1986-01-01,,141.0,1,0,1
512,670386,/m/031h9k,Bull Durham,1988-06-15,50888729.0,108.0,1,0,1
513,9125100,/m/027yks7,The Accidental Tourist,1988-12-23,32632093.0,121.0,1,0,1
514,16951571,/m/041344k,Touch And Go,1986-08-22,,101.0,1,0,1
515,5813062,/m/0f6mgl,The Heavenly Kid,1985-07-26,,91.0,1,0,1
516,9507768,/m/064lgjs,Lassiter,1984-02-17,17513452.0,100.0,1,0,1
517,9085417,/m/027x3k2,Hello Again,1987-11-06,20419446.0,96.0,1,0,1
518,936787,/m/03rl2l,About Last Night,1986-07-02,38702310.0,113.0,1,0,1
519,1072763,/m/043k3f,Making Mr. Right,1987-04-03,1584970.0,99.0,1,0,1
520,2168542,/m/06rz71,Breakin',1984-05-03,,90.0,1,0,1
521,301574,/m/01ry_x,The Little Mermaid,1989-11-17,211343479.0,82.0,1,0,1
522,299016,/m/01rnly,The Cotton Club,1984-12-14,25928721.0,127.0,1,0,1
523,18512327,/m/04f6hpg,A Hazard of Hearts,1987-12-27,,90.0,1,0,1
524,8365100,/m/0270vjm,My Tutor,1983-03-04,22587000.0,97.0,1,0,1
525,4543239,/m/0c80lf,Baby Boom,1987-10-07,26712476.0,110.0,1,0,1
526,5215498,/m/0d880v,The Moderns,1988-04-15,2011497.0,126.0,1,0,1
527,2009848,/m/06dsvv,Cannery Row,1982-01-01,,120.0,1,0,1
528,1523484,/m/057vmw,Sahara,1984-03-02,1402962.0,111.0,1,0,1
529,31508047,/m/0glp62l,Infidelity,1987-04-13,,95.0,1,0,1
530,22395193,/m/05t01_s,The Last Frontier,1986-11-03,,178.0,1,0,1
531,22059060,/m/05p1sck,John and Yoko: A Love Story,1985-12-02,,146.0,1,0,1
532,30524,/m/07hvh,The Year of Living Dangerously,1983-01-21,,115.0,1,0,1
533,1677642,/m/05mp5s,Five Corners,1987-05-01,,92.0,1,0,1
534,5547674,/m/0drz_d,Baby It's You,1983-03-04,1867792.0,105.0,1,0,1
535,33121,/m/0822j,Wings of Desire,1987-05-17,,128.0,1,0,1
536,922084,/m/03q5db,Legend,1985-08-28,15502112.0,89.0,1,0,1
537,2421437,/m/07bxnb,A Midsummer Night's Sex Comedy,1982-07-16,9077269.0,88.0,1,0,1
538,2423917,/m/07c262,Silent Rage,1982-04-02,,100.0,1,0,1
539,692652,/m/0337v7,Stakeout,1987-08-05,65673233.0,117.0,1,0,1
540,2788063,/m/082scv,Bolero,1984-08-03,8914881.0,105.0,1,0,1
541,20757962,/m/057z3zq,Hard to Hold,1984-04-06,11113806.0,93.0,1,0,1
542,1134919,/m/04984j,The Blue Lagoon,1980-06-20,58853106.0,104.0,1,0,1
543,8444243,/m/0273n9r,First Monday in October,1981-01-01,,98.0,1,0,1
544,24544387,/m/080c52r,Worth Winning,1989-01-01,3690400.0,103.0,1,0,1
545,500622,/m/02hvyj,Mystic Pizza,1988-10-21,12793213.0,105.0,1,0,1
546,4362903,/m/0bz84f,Back Roads,1981-03-13,,94.0,1,0,1
547,3152877,/m/08vvv4,Summer Rental,1985-08-09,24689703.0,86.0,1,0,1
548,4048011,/m/0bfd67,Can't Buy Me Love,1987-08-14,31623833.0,94.0,1,0,1
549,685977,/m/032xrj,Sixteen Candles,1984-05-04,23686027.0,93.0,1,0,1
550,23464956,/m/06wb5f9,Little Miss Marker,1980-03-21,,102.0,1,0,1
551,948548,/m/03sjgd,Clash of the Titans,1981-06-12,41000000.0,118.0,1,0,1
552,1131046,/m/048yth,Caravaggio,1986-02-01,,90.0,1,0,1
553,10318067,/m/02q88q8,The Good Mother,1988-11-04,4764606.0,104.0,1,0,1
554,574768,/m/02rl6f,Roxanne,1987-06-19,40050884.0,107.0,1,0,1
555,7198945,/m/0kv083,The Four Seasons,1981-05-22,50427646.0,109.0,1,0,1
556,4672611,/m/0cgkjf,Teen Witch,1989-04-28,27843.0,90.0,1,0,1
557,739786,/m/037992,Scandal,1989-03-03,8800000.0,105.0,1,0,1
558,4544340,/m/0c82q_,Fool for Love,1985-12-01,900000.0,107.0,1,0,1
559,2019025,/m/06fht6,Desperately Seeking Susan,1985-03-29,27398584.0,104.0,1,0,1
560,4334606,/m/0bxq7j,The Bride,1985-08-16,,115.0,1,0,1
561,28893717,/m/0ddbhjj,Baby Cakes,1989-02-14,,100.0,1,0,1
562,606476,/m/02vwqb,Say Anything...,1989-04-14,,100.0,1,0,1
563,2624370,/m/07sjtp,Why Would I Lie?,1980-08-10,1175855.0,,1,0,1
564,23606613,/m/06zt2vr,Sweet Hearts Dance,1988-09-23,3790493.0,101.0,1,0,1
565,7405036,/m/0kv6q5,The Return of the Soldier,1982-01-01,,99.0,1,0,1
566,1664079,/m/05lqjv,The Allnighter,1987-05-01,,96.0,1,0,1
567,17315314,/m/043n1r5,Yentl,1983-11-18,40218899.0,132.0,1,0,1
568,2236146,/m/06y5qj,Modern Girls,1986-11-07,,83.0,1,0,1
569,915306,/m/03pk0l,Better Off Dead,1985-01-01,10297601.0,97.0,1,0,1
570,5608911,/m/0dw20n,Her Alibi,1989-02-03,18699037.0,110.0,1,0,1
571,1700544,/m/05pgdb,Two of a Kind,1983-12-16,23646952.0,88.0,1,0,1
572,3832964,/m/0b2bxj,Irreconcilable Differences,1984-09-28,12414210.0,113.0,1,0,1
573,4622516,/m/0cd2xm,Where the Boys Are '84,1984-04-06,10530000.0,94.0,1,0,1
574,2841422,/m/0865v8,Skin Deep,1989-01-01,19674852.0,101.0,1,0,1
575,2475248,/m/07gm83,Take This Job and Shove It,1981-04-24,17569030.0,100.0,1,0,1
576,113445,/m/0sxhp,Tender Mercies,1983-03-04,8440000.0,100.0,1,0,1
577,4622896,/m/0cd3kf,Krull,1983-07-29,16519463.0,121.0,1,0,1
578,424391,/m/026vlj,Stardust Memories,1980-09-26,,88.0,1,0,1
579,1374740,/m/04xq8n,Continental Divide,1981-01-01,15578237.0,103.0,1,0,1
580,23352330,/m/06w3g20,Silip Daughters of Eve,1985-02-07,,125.0,1,0,1
581,1882500,/m/063g51,The Flamingo Kid,1984-12-21,23859382.0,98.0,1,0,1
582,8056384,/m/026pztl,Blaze,1989-12-13,19131246.0,117.0,1,0,1
583,19374272,/m/04mz_r8,Another Country,1984-06-01,,90.0,1,0,1
584,26136751,/m/0b6fy7x,It's My Turn,1980-10-24,,98.0,1,0,1
585,13272614,/m/03c01yq,Salsa,1988-05-07,8892589.0,97.0,1,0,1
586,237134,/m/01jf9c,"Paris, Texas",1984-05-19,2181987.0,145.0,1,0,1
587,1071647,/m/043g6j,Something Wild,1986-11-07,8362969.0,114.0,1,0,1
588,15703732,/m/03nqpkc,The Scarlet Pimpernel,1982-11-09,,142.0,1,0,1
589,3148833,/m/08vk9k,Once Bitten,1985-11-15,10000000.0,93.0,1,0,1
590,3161156,/m/08w9yq,Modern Romance,1981-01-01,,94.0,1,0,1
591,1722535,/m/05r4k7,Barfly,1987-05-01,,99.0,1,0,1
592,1107088,/m/046kzn,"The Karate Kid, Part II",1986-06-19,115103979.0,113.0,1,0,1
593,2376432,/m/077k7s,The Year My Voice Broke,1987-01-01,,103.0,1,0,1
594,1367442,/m/04x4fv,Cross Creek,1983-01-01,,120.0,1,0,1
595,199505,/m/01cb7r,The Man with Two Brains,1983-06-03,10353438.0,93.0,1,0,1
596,4502456,/m/0c5vyz,Hunk,1987-03-06,1749956.0,102.0,1,0,1
597,697113,/m/033m2w,Big Trouble in Little China,1986-07-02,11100000.0,99.0,1,0,1
598,6061913,/m/0fn4s2,To Our Loves,1983-11-16,,102.0,1,0,1
599,15119799,/m/03hj3b3,On Golden Pond,1981-12-04,119285432.0,90.0,1,0,1
600,10780834,/m/02qpsx0,Listen to Me,1989-05-05,,107.0,1,0,1
601,265975,/m/01ndgk,Sid and Nancy,1986-05-01,2826523.0,112.0,1,0,1
602,14883225,/m/03h0c76,Flying,1986-01-01,,94.0,1,0,1
603,4102772,/m/0bj329,The Lady and the Highwayman,1989-01-01,,90.0,1,0,1
604,241171,/m/01j_lt,Weird Science,1985-08-02,38934048.0,94.0,1,0,1
605,12640611,/m/02wz56k,Casual Sex?,1988-01-01,12277096.0,87.0,1,0,1
606,7537280,/m/0kvb1d,High Road to China,1983-01-01,28445927.0,105.0,1,0,1
607,3161589,/m/08wbp4,Strapless,1989-05-14,,100.0,1,0,1
608,2367984,/m/076zs0,Absolute Beginners,1986-04-18,,108.0,1,0,1
609,1580932,/m/05d2n_,Staying Alive,1983-07-11,,93.0,1,0,1
610,8860418,/m/027mckr,Heaven Help Us,1985-02-08,,102.0,1,0,1
611,17289439,/m/043sb69,The Pirates of Penzance,1983-02-18,694497.0,112.0,1,0,1
612,33270,/m/082zg,When Harry Met Sally...,1989-07-12,92823546.0,89.0,1,0,1
613,6060885,/m/0fn369,Blood Red,1989-01-01,15510.0,91.0,1,0,1
614,973077,/m/03vp54,An American Tail,1986-11-21,84542002.0,80.0,1,0,1
615,12624367,/m/02wykv1,Sweet Liberty,1986-01-01,14205021.0,106.0,1,0,1
616,374885,/m/020x3x,Moscow on the Hudson,1984-04-06,25068724.0,115.0,1,0,1
617,3454713,/m/09db0b,Racing with the Moon,1984-03-23,6045657.0,108.0,1,0,1
618,16162546,/m/03wbltl,Two of Us,1987-01-01,,75.0,1,0,1
619,846820,/m/03gn80,Look Who's Talking,1989-10-13,296999813.0,96.0,1,0,1
620,1888983,/m/063zky,The Jetsons Meet the Flintstones,1987-11-09,,89.0,1,0,1
621,24829235,/m/080pldt,Desperate for Love,1989-01-17,,93.0,1,0,1
622,246559,/m/01kp5s,Peggy Sue Got Married,1986-10-10,41382841.0,103.0,1,0,1
623,1635059,/m/05jf85,The Purple Rose of Cairo,1985-01-01,10631333.0,88.0,1,0,1
624,2400255,/m/079g3z,All the Right Moves,1983-10-21,17233166.0,90.0,1,0,1
625,848218,/m/03gtd4,Always,1989-12-22,74134790.0,106.0,1,0,1
626,2918617,/m/08ck02,The Prince of Pennsylvania,1988-05-15,,87.0,1,0,1
627,113464,/m/0sxns,Hannah and Her Sisters,1986-01-01,59000000.0,106.0,1,0,1
628,770144,/m/03b1l8,The Fabulous Baker Boys,1989-10-13,18428904.0,116.0,1,0,1
629,1107052,/m/046kww,Micki + Maude,1984-12-21,,118.0,1,0,1
630,11601053,/m/02rl4qq,Tuff Turf,1985-01-11,,111.0,1,0,1
631,8048017,/m/026pn_m,An Autumn's Tale,1987-07-16,,98.0,1,0,1
632,226331,/m/01g_km,Purple Rain,1984-07-27,68392977.0,111.0,1,0,1
633,1965350,/m/069hyb,Summer Lovers,1982-07-16,4968000.0,99.0,1,0,1
634,607673,/m/02v_mx,St. Elmo's Fire,1985-06-28,37803872.0,110.0,1,0,1
635,75933,/m/0k2cb,Dangerous Liaisons,1988-12-16,34700000.0,119.0,1,0,1
636,10299953,/m/02q7sv0,Made in Heaven,1987-11-06,4573000.0,102.0,1,0,1
637,31097343,/m/04j0f1z,The Jeweller's Shop,1988-01-01,,88.0,1,0,1
638,19849373,/m/04qbqht,Baby Sister,1983-03-06,,100.0,1,0,1
639,5271335,/m/0dbwgk,Twice in a Lifetime,1985-01-01,,111.0,1,0,1
640,980977,/m/03wcm1,The Secret of My Success,1987-04-10,110996879.0,110.0,1,0,1
641,606614,/m/02vx33,Buster,1988-11-23,540000.0,94.0,1,0,1
642,12045578,/m/02vn0bt,Making the Grade,1984-05-18,,105.0,1,0,1
643,4306160,/m/0bw68_,36 Chowringee Lane,1981-08-29,,122.0,1,0,1
644,8078672,/m/026qnx8,Begin the Beguine,1982-03-01,,87.0,1,0,1
645,183575,/m/01928h,Querelle,1982-01-01,,108.0,1,0,1
646,2066226,/m/06jqtp,Paradise,1982-05-07,,100.0,1,0,1
647,3732855,/m/09xyl4,Heartbeeps,1981-12-18,2154696.0,78.0,1,0,1
648,1428955,/m/050t99,My Beautiful Laundrette,1985-09-07,2451545.0,97.0,1,0,1
649,2052231,/m/06hr1m,Heartburn,1986-07-25,,109.0,1,0,1
650,13374571,/m/03c37pv,Liar's Moon,1982-09-01,,106.0,1,0,1
651,28133007,/m/0cmb5mj,Romance on the Orient Express,1985-03-04,,96.0,1,0,1
652,16113840,/m/03qpft2,Second Sight: A Love Story,1984-01-01,,100.0,1,0,1
653,1565181,/m/05bvl9,The Money Pit,1986-03-26,54999651.0,91.0,1,0,1
654,2032436,/m/06gh71,Seems Like Old Times,1980-12-19,43995918.0,102.0,1,0,1
655,2780022,/m/08260b,Arthur 2: On the Rocks,1988-07-08,14681192.0,113.0,1,0,1
656,1545870,/m/059925,She's Gotta Have It,1986-08-08,,84.0,1,0,1
657,1367501,/m/04x4p6,Married to the Mob,1988-08-19,21486757.0,104.0,1,0,1
658,678599,/m/0326d9,Vision Quest,1985-02-15,12993175.0,107.0,1,0,1
659,678603,/m/0326dp,Gross Anatomy,1989-10-20,11604598.0,109.0,1,0,1
660,454223,/m/02bg6w,Pretty in Pink,1986-02-28,40471663.0,96.0,1,0,1
661,17593898,/m/04654s9,Honeysuckle Rose,1980-07-18,17815212.0,119.0,1,0,1
662,1524739,/m/057z1g,Lianna,1983-01-18,,113.0,1,0,1
663,739259,/m/0377m8,Blind Date,1987-03-27,39321715.0,95.0,1,0,1
664,578001,/m/02rxf6,Romancing the Stone,1984-03-30,86572238.0,106.0,1,0,1
665,4926317,/m/0cvhw5,Arch of Triumph,1985-01-01,,93.0,1,0,1
666,5416943,/m/0dkxwb,A Night in the Life of Jimmy Reardon,1988-01-01,,90.0,1,0,1
667,3235385,/m/0908j2,The Lonely Lady,1983-09-30,1223000.0,92.0,1,0,1
668,607735,/m/02v_r6,Cocktail,1988-07-29,171504781.0,103.0,1,0,1
669,2200993,/m/06vgnr,For Keeps?,1988-01-01,17514553.0,98.0,1,0,1
670,289253,/m/01qd2t,Grease 2,1982-06-11,15171476.0,115.0,1,0,1
671,3077660,/m/08pwlh,All Night Long,1981-03-06,4454295.0,87.0,1,0,1
672,703963,/m/03458j,Some Kind of Wonderful,1987-02-27,18553948.0,93.0,1,0,1
673,164401,/m/015wrq,Arthur,1981-07-17,95461682.0,97.0,1,0,1
674,179825,/m/018js4,Top Gun,1986-05-12,353816701.0,110.0,1,0,1
675,2925896,/m/08d216,Lovesick,1983-02-18,10143618.0,96.0,1,0,1
676,5989305,/m/0fjdgm,Breathless,1983-01-01,19910002.0,93.0,1,0,1
677,3162951,/m/08wdns,One Crazy Summer,1986-08-08,13432000.0,93.0,1,0,1
678,168602,/m/016kz1,Flashdance,1983-04-15,92921203.0,94.0,1,0,1
679,4524855,/m/0c73j7,She's Out of Control,1989-04-14,12065900.0,94.0,1,0,1
680,825828,/m/03f6h5,Endless Love,1981-07-17,32492674.0,116.0,1,0,1
681,3178137,/m/08xd2w,One from the Heart,1982-02-12,636796.0,100.0,1,0,1
682,19271559,/m/04ldv75,Happy Together,1989-05-04,100000.0,102.0,1,0,1
683,954902,/m/03t2r3,Crossing Delancey,1988-08-24,16262415.0,97.0,1,0,1
684,16922889,/m/04127p8,Cross My Heart,1987-01-01,1025762.0,90.0,1,0,1
685,21318106,/m/05f7n8x,Shirley Valentine,1989-08-30,6353913.0,108.0,1,0,1
686,12625575,/m/02wynxd,Turtle Diary,1984-09-13,,97.0,1,0,1
687,45242,/m/0c9k8,Reds,1981-01-01,50000000.0,194.0,1,0,1
688,511622,/m/02k325,Vacation,1983-07-29,61399552.0,99.0,1,0,1
689,1296482,/m/04qsqf,Crossroads,1986-03-14,5839000.0,99.0,1,0,1
690,6902699,/m/025v0rv,Pennies from Heaven,1981-01-01,,108.0,1,0,1
691,24328926,/m/07sbsz6,Under the Boardwalk,1989-04-14,,103.0,1,0,1
692,1531941,/m/058kh7,She's Having a Baby,1988-02-05,16031707.0,105.0,1,0,1
693,4219387,/m/0bqmbm,North Shore,1987-01-01,,96.0,1,0,1
694,9932514,/m/02pxdg6,Maid to Order,1987-07-10,9868521.0,93.0,1,0,1
695,22120174,/m/05p51gf,Best Friends,1982-12-17,,108.0,1,0,1
696,14855818,/m/03g_b1h,Lady Libertine,1983-01-01,,83.0,1,0,1
697,242539,/m/01k5_0,An Officer and a Gentleman,1982-07-28,129795554.0,122.0,1,0,1
698,228355,/m/01h7n7,The Naked Gun: From the Files of Police Squad!,1988-12-02,78756177.0,85.0,1,0,1
699,711106,/m/034vkz,Square Dance,1987-02-20,,112.0,1,0,1
700,711102,/m/034vk8,Lucas,1986-03-28,8200000.0,100.0,1,0,1
701,3985480,/m/0bb2jj,Perfect,1985-06-07,12918858.0,120.0,1,0,1
702,2209172,/m/06w28q,Overboard,1987-12-16,26713187.0,112.0,1,0,1
703,877743,/m/03k_rz,Footloose,1984-02-17,80035402.0,107.0,1,0,1
704,91133,/m/0mmbb,The Karate Kid,1984-06-22,90815558.0,127.0,1,0,1
705,12178995,/m/02vt42n,Lady Chatterley's Lover,1981-06-29,,100.0,1,0,1
706,7760868,/m/0kvgpy,The Unbelievable Truth,1989-01-01,546541.0,90.0,1,0,1
707,6534317,/m/0g99cw,The Man from Snowy River,1982-01-01,,102.0,1,0,1
708,183061,/m/018_s9,Earth Girls Are Easy,1988-09-09,3916303.0,99.0,1,0,1
709,5865566,/m/0f9slk,Mischief,1985-02-08,8700000.0,97.0,1,0,1
710,5871901,/m/0fb2n1,Creator,1985-01-01,,107.0,1,0,1
711,2724049,/m/07_346,The Woman in Red,1984-08-15,25308147.0,87.0,1,0,1
712,1979044,/m/06bk1y,"Grandview, U.S.A.",1984-08-03,4743119.0,97.0,1,0,1
713,168597,/m/016ky6,Big,1988-06-03,151668774.0,104.0,1,0,1
714,2363621,/m/076pg0,"Traci, I Love You",1987-01-29,,80.0,1,0,1
715,2255603,/m/06zn1c,The Pirate Movie,1982-08-06,7983086.0,100.0,1,0,1
716,3418109,/m/09bfrf,Dream a Little Dream,1989-01-01,5552441.0,114.0,1,0,1
717,3130366,/m/08td4n,Blame it on Rio,1984-02-17,18561998.0,100.0,1,0,1
718,5016298,/m/0czy_l,Bronco Billy,1980-06-11,,119.0,1,0,1
719,12567618,/m/02ww5km,Tomboy,1985-01-25,14100000.0,91.0,1,0,1
720,317873,/m/01v2vy,Xanadu,1980-08-08,22762571.0,93.0,1,0,1
721,1420419,/m/0502pc,Fresh Horses,1988-11-18,6640346.0,102.0,1,0,1
722,6179073,/m/0fvcx9,Less Than Zero,1987-11-06,12396383.0,98.0,1,0,1
723,453236,/m/02bc6c,Fast Times at Ridgemont High,1982-08-13,27092880.0,90.0,1,0,1
724,4016437,/m/0bcp9b,Sophie's Choice,1982-12-08,30036000.0,150.0,1,0,1
725,9403464,/m/0287f9k,Who Am I This Time?,1982-01-01,,60.0,1,0,1
726,31981147,/m/0c6cj13,The Place at the Coast,1987-09-17,,93.0,1,0,1
727,15114362,/m/03hhx7j,Unfaithfully Yours,1984-02-10,19928200.0,96.0,1,0,1
728,2540490,/m/07lwhw,Bye Bye Blues,1989-01-01,,117.0,1,0,1
729,1088677,/m/044zmg,The Draughtsman's Contract,1982-01-01,,103.0,1,0,1
730,21066411,/m/05b_yrq,Man of Flowers,1983-01-01,396041.0,91.0,1,0,1
731,2718285,/m/07ztbx,A Night in Heaven,1983-12-22,5563663.0,84.0,1,0,1
732,358243,/m/01_41z,Class,1983-07-06,,98.0,1,0,1
733,7758136,/m/0kvgnq,The Unbearable Lightness of Being,1988-02-05,10006806.0,172.0,1,0,1
734,5694982,/m/0d_kjk,To Die For,1989-01-01,,94.0,1,0,1
735,5261356,/m/0dbf33,Seven Minutes in Heaven,1985-05-09,,88.0,1,0,1
736,3671146,/m/09tkzy,A Room with a View,1985-12-13,20966644.0,115.0,1,0,1
737,882050,/m/03lf33,Mannequin,1987-02-13,42721196.0,90.0,1,0,1
738,2918524,/m/08cjtf,Secret Admirer,1985-04-03,8622757.0,98.0,1,0,1
739,3328529,/m/0962mt,Moon Over Parador,1988-09-09,11444204.0,96.0,1,0,1
740,9308910,/m/0283_fz,Swing Shift,1984-04-13,6650206.0,100.0,1,0,1
741,24020300,/m/07kcz81,Walls of Glass,1985-10-30,,86.0,1,0,1
742,15861151,/m/03nxb8m,84 Charing Cross Road,1987-02-13,1083486.0,99.0,1,0,1
743,1822948,/m/05zr7m,The Rachel Papers,1989-05-12,,94.0,1,0,1
744,5589362,/m/0dv0dn,How I Got Into College,1989-05-19,,86.0,1,0,1
745,2406870,/m/079xtj,Valley Girl,1983-04-29,17343596.0,99.0,1,0,1
746,22227380,/m/05q7fg5,The Black Marble,1980-03-07,,110.0,1,0,1
747,338962,/m/01xvjb,Splash,1984-03-09,69821334.0,111.0,1,0,1
748,76394,/m/0k4p0,Tootsie,1982-12-01,177200000.0,116.0,1,0,1
749,10048887,/m/02q027g,My Chauffeur,1986-01-24,3883652.0,97.0,1,0,1
750,8710347,/m/027fv05,Spring Break,1983-03-25,,102.0,1,0,1
751,113427,/m/0sxfd,Terms of Endearment,1983-11-20,108423489.0,132.0,1,0,1
752,3681345,/m/09v4ff,Maurice,1987-09-18,2438304.0,140.0,1,0,1
753,129331,/m/0yxm1,Moonstruck,1987-01-01,156239800.0,102.0,1,0,1
754,2305786,/m/072j07,Stealing Home,1988-08-26,7467504.0,98.0,1,0,1
755,14429341,/m/03d37y7,The Best Little Whorehouse in Texas,1982-07-23,69701637.0,114.0,1,0,1
756,89793,/m/0mcl0,Out of Africa,1985-01-01,128499205.0,160.0,1,0,1
757,1996645,/m/06cs3l,Old Gringo,1989-10-06,3574256.0,120.0,1,0,1
758,713375,/m/035168,My Stepmother Is an Alien,1988-12-09,13854000.0,108.0,1,0,1
759,10837755,/m/02qrl46,Everybody's All-American,1988-11-04,12638294.0,127.0,1,0,1
760,1191975,/m/04g1cb,Urban Cowboy,1980-06-06,,135.0,1,0,1
761,129427,/m/0yyn5,Working Girl,1988-12-20,102953112.0,110.0,1,0,1
762,9381312,/m/0286m1d,Captive Hearts,1987-01-01,,97.0,1,0,1
763,11014002,/m/02qy2zv,Lily in Love,1984-01-01,,90.0,1,0,1
764,198313,/m/01hw5kk,Willow,1988-05-20,57269863.0,126.0,1,0,1
765,4790321,/m/0cng1p,"Enemies, a Love Story",1989-12-13,,119.0,1,0,1
766,14237319,/m/0410_99,Shoot the Moon,1982-02-19,9217530.0,123.0,1,0,1
767,7313414,/m/0kv4sg,Desert Hearts,1985-08-28,,96.0,1,0,1
768,456601,/m/02bqxb,The Fly,1986-08-15,60629159.0,96.0,1,0,1
769,4094415,/m/0bhpcg,The Lonely Guy,1984-01-27,,90.0,1,0,1
770,1658116,/m/05l7bl,Nothing in Common,1986-07-30,32324557.0,120.0,1,0,1
771,8834970,/m/027lcnq,The Pick-up Artist,1987-09-18,,81.0,1,0,1
772,920296,/m/03p_np,Somewhere in Time,1980-10-03,,108.0,1,0,1
773,7893193,/m/026hy89,Coast to Coast,1980-10-03,,94.0,1,0,1
774,113463,/m/0sxnd,Children of a Lesser God,1986-10-03,31853080.0,119.0,1,0,1
775,22619573,/m/05zncpd,The Slugger's Wife,1985-03-29,,105.0,1,0,1
776,129278,/m/0yx1m,Broadcast News,1987-01-01,67331309.0,132.0,1,0,1
777,19592108,/m/04mzsjz,Some Girls,1988-01-01,,94.0,1,0,1
778,24589422,/m/080596j,Mariaâ€™s Lovers,1984-10-03,,103.0,1,0,1
779,22153949,/m/05q76gg,Romantic Comedy,1983-10-07,,103.0,1,0,1
780,35228678,/m/0j7l8cp,The Comeback Kid,1980-04-11,,97.0,1,0,1
781,2268509,/m/06_lg9,Wish You Were Here,1987-07-24,,92.0,1,0,1
782,5996352,/m/0fjrmz,Choose Me,1984-08-29,,106.0,1,0,1
783,3145210,/m/08vbh1,"Yes, Giorgio",1982-01-01,1368588.0,110.0,1,0,1
784,3066519,/m/08p5l7,Plenty,1985-09-10,,124.0,1,0,1
785,5490080,/m/0dp2py,Starstruck,1982-01-01,,95.0,1,0,1
786,64657,/m/0h7l2,The Big Blue,1988-05-11,3580882.0,161.0,1,0,1
787,983849,/m/03wm8q,Top Secret!,1984-06-08,20458340.0,90.0,1,0,1
788,2967406,/m/08gp4d,Shag,1989-04-14,6957975.0,100.0,1,0,1
789,31153,/m/07nn0,The Princess Bride,1987-09-18,30857814.0,98.0,1,0,1
790,21859735,/m/05pc7v8,High Season,1988-03-25,,94.0,1,0,1
791,18118679,/m/04y663q,Torch Song Trilogy,1988-12-14,4865997.0,120.0,1,0,1
792,54540,/m/0f7hw,Coming to America,1988-06-29,288752301.0,117.0,1,0,1
793,1673588,/m/05mc7l,The Brother from Another Planet,1984-09-07,,104.0,1,0,1
